{
    "安康": "AKY",
    "安庆": "AQH",
    "安顺": "ASW",
    "鞍山": "AST",
    "巴彦淖尔": "FMC",
    "巴中": "IEW",
    "白城": "BCT",
    "白山": "HJL",
    "白银": "BXJ",
    "百色": "BIZ",
    "蚌埠": "BBH",
    "包头": "BTC",
    "宝鸡": "BJY",
    "保定": "BDP",
    "北京": "BJP",
    "滨州": "BIK",
    "亳州": "BZH",
    "博尔塔拉": "BER",
    "沧州": "COP",
    "长春": "CCT",
    "常德": "VGQ",
    "长沙": "CSQ",
    "长治": "CZF",
    "常州": "CZH",
    "巢湖": "CIH",
    "朝阳": "BPT",
    "潮州": "CKQ",
    "成都": "CDW",
    "承德": "CDP",
    "池州": "IYH",
    "赤峰": "CID",
    "滁州": "CXH",
    "楚雄": "COM",
    "大理": "DKM",
    "大连": "DLT",
    "大庆": "DZX",
    "大同": "DTV",
    "大兴安岭": "MVX",
    "丹东": "DUT",
    "德阳": "DYW",
    "德州": "DZP",
    "迪庆": "DQM",
    "定西": "DSJ",
    "东莞": "RTQ",
    "东营": "DPK",
    "鄂尔多斯": "EEC",
    "恩施": "ESN",
    "鄂州": "ECN",
    "防城港": "FBZ",
    "佛山": "FSQ",
    "福州": "FZS",
    "抚州": "FZG",
    "阜新": "FOT",
    "阜阳": "FYH",
    "甘南": "GNJ",
    "甘孜": "GZG",
    "赣州": "GZG",
    "固原": "GUJ",
    "广安": "VJW",
    "广元": "GYW",
    "广州": "GZQ",
    "贵港": "GGZ",
    "贵阳": "GIW",
    "桂林": "GLZ",
    "哈尔滨": "HBB",
    "哈密": "HMR",
    "海北": "HFO",
    "海东": "LVO",
    "海口": "VUQ",
    "海南": "HGE",
    "海西": "WIO",
    "邯郸": "HDP",
    "汉中": "HOY",
    "杭州": "HZH",
    "合肥": "HFH",
    "和田": "VTR",
    "河池": "HIZ",
    "河源": "VIQ",
    "菏泽": "HIK",
    "贺州": "HXZ",
    "鹤壁": "HAF",
    "鹤岗": "HGB",
    "黑河": "HJB",
    "衡水": "HSP",
    "衡阳": "HYQ",
    "红河": "HHM",
    "呼和浩特": "HHC",
    "呼伦贝尔": "HRX",
    "湖州": "VZH",
    "葫芦岛": "HLD",
    "怀化": "HHQ",
    "淮安": "AUH",
    "淮北": "HRH",
    "淮南": "HAH",
    "黄冈": "KGN",
    "黄山": "HKH",
    "黄石": "HSN",
    "惠州": "HCQ",
    "鸡西": "JXB",
    "吉安": "VAG",
    "吉林": "JLL",
    "济南": "JNK",
    "济宁": "JIK",
    "佳木斯": "JMB",
    "嘉兴": "JXH",
    "嘉峪关": "JGJ",
    "江门": "JOQ",
    "焦作": "JOF",
    "揭阳": "JYA",
    "金昌": "JCJ",
    "金华": "JBH",
    "锦州": "JZD",
    "晋城": "JCF",
    "晋中": "JZV",
    "荆门": "JMN",
    "荆州": "JBN",
    "景德镇": "JCG",
    "九江": "JJG",
    "酒泉": "JQJ",
    "喀什": "KSR",
    "开封": "KFF",
    "克拉玛依": "KHR",
    "克孜勒苏": "AER",
    "昆明": "KMM",
    "拉萨": "LSO",
    "来宾": "UBZ",
    "兰州": "LZJ",
    "廊坊": "LJP",
    "乐山": "IVW",
    "丽江": "LHM",
    "丽水": "USH",
    "连云港": "UIH",
    "辽阳": "LYT",
    "辽源": "LYL",
    "聊城": "UCK",
    "林芝": "LZO",
    "临沧": "LXM",
    "临汾": "LFV",
    "临夏": "LXJ",
    "临沂": "LVK",
    "柳州": "LZZ",
    "六安": "UAH",
    "六盘水": "UMW",
    "龙岩": "LYS",
    "陇南": "INJ",
    "娄底": "LDQ",
    "泸州": "LUE",
    "洛阳": "LYF",
    "吕梁": "LHV",
    "漯河": "LON",
    "马鞍山": "MAH",
    "茂名": "MDQ",
    "眉山": "MSW",
    "梅州": "MOQ",
    "绵阳": "MYW",
    "牡丹江": "MDB",
    "内江": "NJW",
    "那曲": "NQO",
    "南昌": "NCG",
    "南充": "NCW",
    "南京": "NJH",
    "南宁": "NNZ",
    "南平": "NOS",
    "南通": "NUH",
    "南阳": "NFF",
    "宁波": "NGH",
    "宁德": "NES",
    "怒江": "NJM",
    "盘锦": "PVD",
    "攀枝花": "PRW",
    "平顶山": "PEN",
    "平凉": "PIJ",
    "萍乡": "PXG",
    "莆田": "PTS",
    "普洱": "PEM",
    "濮阳": "PYF",
    "齐齐哈尔": "QHX",
    "钦州": "QRZ",
    "秦皇岛": "QTP",
    "青岛": "QDK",
    "青岛北": "QHK",
    "清远": "QBQ",
    "庆阳": "QOJ",
    "衢州": "QEH",
    "泉州": "QYS",
    "日照": "RZK",
    "三门峡": "SMF",
    "三明": "SVS",
    "三亚": "SEQ",
    "山南": "SAO",
    "汕头": "OTQ",
    "汕尾": "OGQ",
    "商洛": "OLY",
    "商丘": "SQF",
    "上饶": "SRG",
    "上海": "SHH",
    "韶关": "SNQ",
    "邵阳": "SYQ",
    "绍兴": "SOH",
    "深圳": "SZQ",
    "沈阳": "SYT",
    "十堰": "SNN",
    "石嘴山": "OZJ",
    "双鸭山": "SSB",
    "朔州": "SUV",
    "四平": "SPT",
    "松原": "VYT",
    "苏州": "SZH",
    "宿迁": "SQU",
    "宿州": "OXH",
    "绥化": "SHB",
    "随州": "SZN",
    "遂宁": "NIW",
    "塔城": "TZR",
    "台州": "TEU",
    "太原": "TYV",
    "泰安": "TMK",
    "泰州": "UTH",
    "唐山": "TSP",
    "天津": "TJP",
    "天水": "TSJ",
    "铁岭": "TLT",
    "通化": "THL",
    "通辽": "TLD",
    "铜川": "TCY",
    "铜陵": "TJH",
    "铜仁": "RDQ",
    "吐鲁番": "TFR",
    "图木舒克": "TMR",
    "威海": "WKK",
    "潍坊": "WFK",
    "渭南": "WNY",
    "温州": "RZH",
    "乌鲁木齐": "WAR",
    "无锡": "WXH",
    "芜湖": "WHH",
    "梧州": "WZZ",
    "武汉": "WHN",
    "武昌": "WCN",
    "武威": "WUJ",
    "西安": "XAY",
    "西宁": "XNO",
    "西双版纳": "ENM",
    "锡林郭勒": "XTC",
    "厦门": "XMS",
    "仙桃": "VTN",
    "咸阳": "XYY",
    "湘潭": "XTQ",
    "湘西": "JIQ",
    "襄阳": "XFN",
    "孝感": "XGN",
    "忻州": "XXV",
    "新乡": "XXF",
    "新余": "XUG",
    "信阳": "XUN",
    "兴安": "XAZ",
    "邢台": "XTP",
    "徐州": "XCH",
    "许昌": "XCF",
    "宣城": "ECH",
    "雅安": "YAE",
    "延安": "YWY",
    "盐城": "AFH",
    "扬州": "YLH",
    "阳江": "WRQ",
    "阳泉": "AQP",
    "伊春": "YCB",
    "伊犁": "YMR",
    "宜宾": "YBW",
    "宜昌": "YCN",
    "宜春": "YEG",
    "益阳": "AEQ",
    "银川": "YIJ",
    "鹰潭": "YTG",
    "营口": "YKT",
    "永州": "AOQ",
    "榆林": "ALY",
    "玉林": "YLZ",
    "玉树": "YVO",
    "玉溪": "AXM",
    "岳阳": "YYQ",
    "云浮": "IXQ",
    "运城": "YNV",
    "枣庄": "ZEK",
    "湛江": "ZJZ",
    "张家界": "DIQ",
    "张家口": "ZMP",
    "张掖": "ZYJ",
    "漳州": "ZUS",
    "昭通": "ZDW",
    "肇庆": "ZVQ",
    "镇江": "ZJH",
    "郑州": "ZZF",
    "中山": "ZSQ",
    "中卫": "ZWJ",
    "舟山": "ZOS",
    "周口": "ZKN",
    "株洲": "ZZQ",
    "珠海": "ZHQ",
    "驻马店": "ZDN",
    "资阳": "FYW",
    "淄博": "ZBK",
    "自贡": "ZGE",
    "遵义": "ZYE",
    "重庆": "CQW",
    "历城": "VHK"
  }